;Playa_train;Playa_test;Preprocesado;PE_components;Accuracy;F1;Precision;Recall
0;Arena;Arena;snv;{'plsda__n_components': 17};0.8459368558099165;0.6572987739479452;0.7095716647145788;0.6235823080049832
1;Arena;Gorliz;snv;{'plsda__n_components': 17};0.8659088719776514;0.6392458900610791;0.7173975273977327;0.5863947949261105
2;Arena;Sonabia;snv;{'plsda__n_components': 17};0.6698060941828254;0.5424909570508523;0.6962884881508389;0.48479606445181134
3;Arena;Sopela;snv;{'plsda__n_components': 17};0.7806950874041318;0.5645933813363613;0.7122404388281128;0.5094529967725254
0;Gorliz;Arena;snv;{'plsda__n_components': 13};0.8080720407941847;0.6314397263249959;0.6804026117345588;0.600851734747474
1;Gorliz;Gorliz;snv;{'plsda__n_components': 13};0.9570368943261728;0.6928244233064438;0.7363383857694223;0.6614719065067826
2;Gorliz;Sonabia;snv;{'plsda__n_components': 13};0.7401662049861496;0.5457562143076844;0.7243737803326044;0.5128758740303779
3;Gorliz;Sopela;snv;{'plsda__n_components': 13};0.7916810612865336;0.5437115575381806;0.7085582870421084;0.50540797265474
0;Sonabia;Arena;snv;{'plsda__n_components': 5};0.6904632743842899;0.572079985191492;0.6763334251781354;0.5102270444948265
1;Sonabia;Gorliz;snv;{'plsda__n_components': 5};0.7712166457952028;0.6149710981515789;0.6599262101875778;0.5997917991657072
2;Sonabia;Sonabia;snv;{'plsda__n_components': 5};0.8797783933518005;0.6822164453847375;0.7481900744583785;0.6316129935240941
3;Sonabia;Sopela;snv;{'plsda__n_components': 5};0.7589304221654115;0.6340902640738441;0.7264062119723447;0.5761275930490006
0;Sonpela;Arena;snv;{'plsda__n_components': 9};0.7377671693609634;0.5820792989713751;0.6848951175247895;0.5352070302461115
1;Sonpela;Gorliz;snv;{'plsda__n_components': 9};0.906463731817744;0.6671897034502908;0.7233003803503074;0.6237793969769859
2;Sonpela;Sonabia;snv;{'plsda__n_components': 9};0.7684210526315789;0.6334754871368143;0.7099094058693258;0.5791961712344855
3;Sonpela;Sopela;snv;{'plsda__n_components': 9};0.8454363297174048;0.6473290719829974;0.7157880422508202;0.5987250708594676
0;Arena;Arena;savgol;{'plsda__n_components': 9};0.9912118910708474;0.7443918026024949;0.745349435077791;0.7435222095129369
1;Arena;Gorliz;savgol;{'plsda__n_components': 9};0.9667662074944611;0.7239140625626413;0.7170035671819263;0.7337048932552428
2;Arena;Sonabia;savgol;{'plsda__n_components': 9};0.976915974145891;0.7376139516448672;0.75;0.7263972809667674
3;Arena;Sopela;savgol;{'plsda__n_components': 9};0.9809991017757204;0.7358067949052021;0.7482485404503754;0.7245042652953811
0;Gorliz;Arena;savgol;{'plsda__n_components': 5};0.8705652598459368;0.6660672893030923;0.711038154006163;0.641511964703251
1;Gorliz;Gorliz;savgol;{'plsda__n_components': 5};0.9641653019940275;0.7284680689826402;0.7386185748029086;0.7188387467028579
2;Gorliz;Sonabia;savgol;{'plsda__n_components': 5};0.929639889196676;0.7078026976311219;0.7496374184191443;0.6780589123867069
3;Gorliz;Sopela;savgol;{'plsda__n_components': 5};0.9501140053893457;0.7135069954232008;0.749676427762498;0.6848963418901283
0;Sonabia;Arena;savgol;{'plsda__n_components': 9};0.9596397960290767;0.7332009129063817;0.7452980554670067;0.7216566098835515
1;Sonabia;Gorliz;savgol;{'plsda__n_components': 9};0.9644542914940757;0.6981017070046569;0.6768410852713178;0.7325105191882357
2;Sonabia;Sonabia;savgol;{'plsda__n_components': 9};1.0;1.0;1.0;1.0
3;Sonabia;Sopela;savgol;{'plsda__n_components': 9};0.9727078007323983;0.7405110392924178;0.7497843898231996;0.7316979093488063
0;Sonpela;Arena;savgol;{'plsda__n_components': 5};0.9471628512531193;0.7257722525310646;0.7453517198636505;0.7077466158353564
1;Sonpela;Gorliz;savgol;{'plsda__n_components': 5};0.9667662074944611;0.699436740832942;0.6778752436647173;0.7337048932552428
2;Sonpela;Sonabia;savgol;{'plsda__n_components': 5};0.9996306555863342;0.7498110355253212;0.75;0.7496223564954683
3;Sonpela;Sopela;savgol;{'plsda__n_components': 5};0.9954397844261729;0.7468471489864495;0.7499579337035167;0.7438015097589143
0;Arena;Arena;savgolsnv;{'plsda__n_components': 9};0.9927308234783552;0.7451524792352566;0.745639964528525;0.7447451657860065
1;Arena;Gorliz;savgolsnv;{'plsda__n_components': 9};0.9664772179944129;0.7004318401215356;0.6794493608652901;0.7335631966748536
2;Arena;Sonabia;savgolsnv;{'plsda__n_components': 9};1.0;1.0;1.0;1.0
3;Arena;Sopela;savgolsnv;{'plsda__n_components': 9};0.9979962689145305;0.7486742384208054;0.75;0.7473597129208541
0;Gorliz;Arena;savgolsnv;{'plsda__n_components': 5};0.9155907562113486;0.695491205601017;0.7258057817754549;0.6765769347421096
1;Gorliz;Gorliz;savgolsnv;{'plsda__n_components': 5};0.9963394663327232;0.7461019640003365;0.75;0.7423005054491717
2;Gorliz;Sonabia;savgolsnv;{'plsda__n_components': 5};0.9493998153277932;0.7211457455770851;0.75;0.698262839879154
3;Gorliz;Sopela;savgolsnv;{'plsda__n_components': 5};0.9789262765148898;0.7311349307951083;0.7470731311768676;0.7174701365187713
0;Sonabia;Arena;savgolsnv;{'plsda__n_components': 9};0.9277422154714116;0.7162870486268355;0.7453230727395644;0.691188621884788
1;Sonabia;Gorliz;savgolsnv;{'plsda__n_components': 9};0.9654175898275696;0.7017361646611808;0.6834183673469387;0.7297960733871823
2;Sonabia;Sonabia;savgolsnv;{'plsda__n_components': 9};1.0;1.0;1.0;1.0
3;Sonabia;Sopela;savgolsnv;{'plsda__n_components': 9};0.9868030125060457;0.7428385405846745;0.7498464401452727;0.736049411714303
0;Sonpela;Arena;savgolsnv;{'plsda__n_components': 5};0.9702723228816318;0.7345464461113336;0.7449420809127909;0.7250469945856938
1;Sonpela;Gorliz;savgolsnv;{'plsda__n_components': 5};0.9662845583277141;0.6978514528817322;0.6760154738878144;0.7328782651680043
2;Sonpela;Sonabia;savgolsnv;{'plsda__n_components': 5};1.0;1.0;1.0;1.0
3;Sonpela;Sopela;savgolsnv;{'plsda__n_components': 5};0.9971671388101983;0.7481257544890406;0.75;0.7462738707255497
