;Playa_train;Playa_test;Preprocesado;PE_components;PP_components;PS_components;Clase;Accuracy;F1;Precision;Recall
0;Arenas;Arena;SNV;17;17;13;PE;0.7685797981989801;0.7570338307324297;0.6091659028414299;0.9996991576413959
1;Arenas;Arena;SNV;17;17;13;PP;0.9562764456981664;0.9418722053944901;0.8955019199122326;0.9933069668390629
2;Arenas;Arena;SNV;17;17;13;PS;0.9745036345882608;0.9559842667166136;0.933772411269667;0.9792785878741366
3;Arenas;Gorliz;SNV;17;17;13;PE;0.7249783257874964;0.7532624665111054;0.604186884791349;1.0
4;Arenas;Gorliz;SNV;17;17;13;PP;0.9500048164916675;0.9499662585558661;0.9698818897637795;0.9308520687700736
5;Arenas;Gorliz;SNV;17;17;13;PS;0.9209132068201522;0.6235671710224667;0.4686423156443832;0.9315068493150684
6;Arenas;Sonabia;SNV;17;17;13;PE;0.804247460757156;0.8362681495211616;0.7199468085106383;0.9974207811348563
7;Arenas;Sonabia;SNV;17;17;13;PP;0.9837488457987072;0.9690358902181563;0.9399317406143345;1.0
8;Arenas;Sonabia;SNV;17;17;13;PS;0.9937211449676824;0.987218045112782;0.9827844311377245;0.9916918429003021
9;Arenas;Sopela;SNV;17;17;13;PE;0.7358529675948318;0.7526366871562601;0.6122105263157894;0.9766582703610411
10;Arenas;Sopela;SNV;17;17;13;PP;0.9641401229876322;0.9593100744805958;0.9296459504634554;0.9909297052154195
11;Arenas;Sopela;SNV;17;17;13;PS;0.9671802667035169;0.8940441668525541;0.9368863955119214;0.8549488054607508
0;Gorliz;Arena;SNV;1;13;13;PE;0.7539329499837257;0.683151718357083;0.6377151799687011;0.7355595667870036
1;Gorliz;Arena;SNV;1;13;13;PP;0.9293696430508842;0.9096209912536443;0.8365679264555669;0.9966534834195315
2;Gorliz;Arena;SNV;1;13;13;PS;0.9243788651405013;0.8456940447199469;0.9994767137624281;0.7329240214888718
3;Gorliz;Gorliz;SNV;1;13;13;PE;0.8812253154802042;0.8724526740457226;0.7943115464305895;0.9676457090408445
4;Gorliz;Gorliz;SNV;1;13;13;PP;0.9798670648299779;0.9805490926012098;0.9662509170946442;0.9952767806536935
5;Gorliz;Gorliz;SNV;1;13;13;PS;0.9966284558327714;0.9765258215962441;0.9566360052562418;0.9972602739726028
6;Gorliz;Sonabia;SNV;1;13;13;PE;0.7966759002770083;0.798166819431714;0.79423568040861;0.8021370670596905
7;Gorliz;Sonabia;SNV;1;13;13;PP;0.9593721144967683;0.9260255548083389;0.8622417031934878;1.0
8;Gorliz;Sonabia;SNV;1;13;13;PS;0.9479224376731302;0.8808114961961115;1.0;0.7870090634441088
9;Gorliz;Sopela;SNV;1;13;13;PE;0.7983831962965522;0.7856933019976499;0.6982117217073489;0.8982367758186398
10;Gorliz;Sopela;SNV;1;13;13;PP;0.9464520140952117;0.9406539551267326;0.892084241103849;0.9948169744088111
11;Gorliz;Sopela;SNV;1;13;13;PS;0.9695294686657915;0.896503168270359;0.9963484611371936;0.8148464163822525
0;Sonabia;Arena;SNV;17;17;13;PE;0.9464033850493653;0.9294688749286122;0.8845108695652174;0.9792418772563177
1;Sonabia;Arena;SNV;17;17;13;PP;0.9774330042313117;0.9680981595092024;0.976183111660996;0.9601460298144204
2;Sonabia;Arena;SNV;17;17;13;PS;0.954432027774764;0.91796875;0.9347653142402546;0.9017651573292402
3;Sonabia;Gorliz;SNV;17;17;13;PE;0.8181292746363549;0.8219539796303281;0.6977265449887928;1.0
4;Sonabia;Gorliz;SNV;17;17;13;PP;0.9633946633272324;0.9627669998040368;1.0;0.9282070659361421
5;Sonabia;Gorliz;SNV;17;17;13;PS;0.9160003853193334;0.6247848537005164;0.45545796737766625;0.9945205479452055
6;Sonabia;Sonabia;SNV;17;17;13;PE;0.9285318559556787;0.9333333333333333;0.8764153995470721;0.9981577008106116
7;Sonabia;Sonabia;SNV;17;17;13;PP;1.0;1.0;1.0;1.0
8;Sonabia;Sonabia;SNV;17;17;13;PS;0.9968605724838412;0.9936162223056703;0.988050784167289;0.9992447129909365
9;Sonabia;Sopela;SNV;17;17;13;PE;0.8673391833068472;0.8570790531487271;0.7697553148816687;0.9667506297229219
10;Sonabia;Sopela;SNV;17;17;13;PP;0.9955088786015339;0.9947081331922168;1.0;0.9894719792678976
11;Sonabia;Sopela;SNV;17;17;13;PS;0.9766461687279763;0.9288421052631579;0.9168744804655029;0.9411262798634812
0;Sopela;Arena;SNV;13;17;17;PE;0.9783009656070305;0.969437652811736;0.9850931677018634;0.9542719614921781
1;Sopela;Arena;SNV;13;17;17;PP;0.9649560594553542;0.9511420360006051;0.9458483754512635;0.9564952844539093
2;Sopela;Arena;SNV;13;17;17;PS;0.8592817619615927;0.7272344900105152;0.8045602605863192;0.6634689178818112
3;Sopela;Gorliz;SNV;13;17;17;PE;0.9985550524997592;0.9982784345231264;0.9986222732491389;0.9979348324919688
4;Sopela;Gorliz;SNV;13;17;17;PP;0.9649359406608227;0.9644322845417237;0.9987856709168185;0.9323634989608918
5;Sopela;Gorliz;SNV;13;17;17;PS;0.9911376553318563;0.9385026737967914;0.9164490861618799;0.9616438356164384
6;Sopela;Sonabia;SNV;13;17;17;PE;0.9704524469067405;0.969639468690702;0.9996087636932708;0.9414148857774502
7;Sopela;Sonabia;SNV;13;17;17;PP;1.0;1.0;1.0;1.0
8;Sopela;Sonabia;SNV;13;17;17;PS;0.9983379501385041;0.996594778660613;0.9984836997725549;0.9947129909365559
9;Sopela;Sopela;SNV;13;17;17;PE;0.9908104746769847;0.9889286606176642;0.9805216242984484;0.9974811083123426
10;Sopela;Sopela;SNV;13;17;17;PP;0.9968907621087543;0.996361872422993;0.9946731234866828;0.9980563654033042
11;Sopela;Sopela;SNV;13;17;17;PS;0.9761625095004491;0.9305135951661632;0.8813429988553987;0.985494880546075
0;Arenas;Arena;SavGol;17;17;17;PE;0.888249972876207;0.8640802322512536;0.769628584861307;0.9849578820697954
1;Arenas;Arena;SavGol;17;17;17;PP;0.8883584680481719;0.851963746223565;0.8081331877729258;0.900821417706115
2;Arenas;Arena;SavGol;17;17;17;PS;0.9648475642833894;0.9412617839013778;0.8920962199312715;0.9961627014581734
3;Arenas;Gorliz;SavGol;17;17;17;PE;0.9208168769868028;0.9056906837999082;0.9056906837999082;0.9056906837999082
4;Arenas;Gorliz;SavGol;17;17;17;PP;0.7743955302957326;0.7159146045608927;1.0;0.5575288116380125
5;Arenas;Gorliz;SavGol;17;17;17;PS;0.9629130141604855;0.789961811238407;0.6563916591115141;0.9917808219178083
6;Arenas;Sonabia;SavGol;17;17;17;PE;0.9207756232686981;0.9150326797385621;0.9892933618843683;0.8511422254974208
7;Arenas;Sonabia;SavGol;17;17;17;PP;0.9257617728531856;0.8290816326530612;1.0;0.7080610021786492
8;Arenas;Sonabia;SavGol;17;17;17;PS;0.8090489381348107;0.5080875356803045;0.6863753213367609;0.4033232628398791
9;Arenas;Sopela;SavGol;17;17;17;PE;0.8942168175222829;0.8701111393908544;0.879286694101509;0.8611251049538203
10;Arenas;Sopela;SavGol;17;17;17;PP;0.8209078974642438;0.7343173431734318;1.0;0.5801749271137027
11;Arenas;Sopela;SavGol;17;17;17;PS;0.9167415186899744;0.6849673202614379;0.8845374746792708;0.5588737201365188
0;Gorliz;Arena;SavGol;17;17;17;PE;0.899641965932516;0.8761216017142092;0.7895244991552015;0.9840553549939831
1;Gorliz;Arena;SavGol;17;17;17;PP;0.7453618313985028;0.6737105519254831;0.6203277009728623;0.7371463340432005
2;Gorliz;Arena;SavGol;17;17;17;PS;0.9738526635564717;0.9546395633352155;0.9368304396010344;0.9731389102072141
3;Gorliz;Gorliz;SavGol;17;17;17;PE;0.9780367979963395;0.974496644295302;0.9506765604539502;0.9995410738871042
4;Gorliz;Gorliz;SavGol;17;17;17;PP;0.9867064829977844;0.9870203160270881;0.982768308672036;0.9913092764027961
5;Gorliz;Gorliz;SavGol;17;17;17;PS;0.9955688276659281;0.9694555112881806;0.9407216494845361;1.0
6;Gorliz;Sonabia;SavGol;17;17;17;PE;0.9649122807017544;0.9637819290888295;0.9984202211690363;0.9314664701547531
7;Gorliz;Sonabia;SavGol;17;17;17;PP;0.9929824561403509;0.9862119013062409;0.9854967367657723;0.9869281045751634
8;Gorliz;Sonabia;SavGol;17;17;17;PS;0.8583564173591874;0.5922381711855396;1.0;0.4206948640483384
9;Gorliz;Sopela;SavGol;17;17;17;PE;0.943550058730049;0.9314424771335068;0.9308956725930896;0.9319899244332494
10;Gorliz;Sopela;SavGol;17;17;17;PP;0.9542596559110067;0.9462400519733637;0.9488599348534202;0.9436345966958212
11;Gorliz;Sopela;SavGol;17;17;17;PS;0.9253091964347405;0.7151515151515152;0.9352170916609235;0.5789249146757679
0;Sonabia;Arena;SavGol;9;17;9;PE;0.7532819789519366;0.7313961729270021;0.6021003500583431;0.9314079422382672
1;Sonabia;Arena;SavGol;9;17;9;PP;0.7460128024302919;0.6281175536139794;0.6572473404255319;0.6014602981442044
2;Sonabia;Arena;SavGol;9;17;9;PS;0.9415211023109472;0.9025844930417495;0.8530919029723266;0.9581734458940906
3;Sonabia;Gorliz;SavGol;9;17;9;PE;0.9293902321548984;0.919050248481502;0.8858846071960826;0.9547957778797613
4;Sonabia;Gorliz;SavGol;9;17;9;PP;0.9576148733262692;0.9567354965585054;0.9975394709862621;0.9191384847912337
5;Sonabia;Gorliz;SavGol;9;17;9;PS;0.8933628744822272;0.5653710247349824;0.39625756741882223;0.9863013698630136
6;Sonabia;Sonabia;SavGol;9;17;9;PE;0.9746999076638966;0.9748115462401177;0.9728440366972477;0.9767870302137067
7;Sonabia;Sonabia;SavGol;9;17;9;PP;1.0;1.0;1.0;1.0
8;Sonabia;Sonabia;SavGol;9;17;9;PS;0.9831948291782087;0.9662588060808306;0.9490167516387472;0.9841389728096677
9;Sonabia;Sopela;SavGol;9;17;9;PE;0.9047882263525184;0.8853195739014648;0.8775779574327669;0.8931989924433249
10;Sonabia;Sopela;SavGol;9;17;9;PP;0.9616527326746356;0.9530496573893917;0.9975208075084115;0.9123744735989634
11;Sonabia;Sopela;SavGol;9;17;9;PS;0.9153596351827541;0.7476828012358393;0.7228195937873357;0.7743174061433447
0;Sopela;Arena;SavGol;13;13;13;PE;0.8082890311381143;0.788002399520096;0.6553582119337458;0.9879663056558363
1;Sopela;Arena;SavGol;13;13;13;PP;0.7657589237278941;0.7078879718576647;0.6374269005847953;0.7958624885914207
2;Sopela;Arena;SavGol;13;13;13;PS;0.9493327546924162;0.9177092511013216;0.8484848484848485;0.9992325402916347
3;Sopela;Gorliz;SavGol;13;13;13;PE;0.9484635391580772;0.9414852892923548;0.8994775339602926;0.9876089949518128
4;Sopela;Gorliz;SavGol;13;13;13;PP;0.9535690203255949;0.9529112934740133;0.9866477847461056;0.9214056300774608
5;Sopela;Gorliz;SavGol;13;13;13;PS;0.9913303149985551;0.9419354838709677;0.8902439024390244;1.0
6;Sopela;Sonabia;SavGol;13;13;13;PE;0.948291782086796;0.9464012251148545;0.9848605577689243;0.9108327192336035
7;Sopela;Sonabia;SavGol;13;13;13;PP;0.997229916897507;0.9945828819068255;0.9892241379310345;1.0
8;Sopela;Sonabia;SavGol;13;13;13;PS;0.9852262234533703;0.9705449189985272;0.9468390804597702;0.9954682779456193
9;Sopela;Sopela;SavGol;13;13;13;PE;0.9423754577489117;0.9335352247370099;0.8883664492643712;0.9835432409739715
10;Sopela;Sopela;SavGol;13;13;13;PP;0.9765079803772542;0.9729772691146081;0.9552122347066168;0.9914156138645934
11;Sopela;Sopela;SavGol;13;13;13;PS;0.963241898707939;0.8969790859798605;0.8212765957446808;0.9880546075085325
0;Arenas;Arena;SavGolSNV;1;1;17;PE;0.6582402083107302;0.6041719024880623;0.5187742770824342;0.7232250300842359
1;Arenas;Arena;SavGolSNV;1;1;17;PP;0.5891287837691223;0.5226270011345014;0.44619027120103316;0.6306662610282933
2;Arenas;Arena;SavGolSNV;1;1;17;PS;0.4080503417597917;0.39498780217343094;0.27776044915782905;0.6834228702993093
3;Arenas;Gorliz;SavGolSNV;1;1;17;PE;0.46941527791156923;0.5405405405405406;0.42463958060288337;0.7434603028912345
4;Arenas;Gorliz;SavGolSNV;1;1;17;PP;0.5595800019265966;0.6685515441496303;0.5424067756734502;0.8711505762327603
5;Arenas;Gorliz;SavGolSNV;1;1;17;PS;0.33811771505635296;0.1633994886156094;0.08966991848189229;0.9191780821917809
6;Arenas;Sonabia;SavGolSNV;1;1;17;PE;0.6038781163434903;0.6194784459819053;0.5973315087239138;0.6433308769344142
7;Arenas;Sonabia;SavGolSNV;1;1;17;PP;0.653185595567867;0.5724043715846995;0.41691542288557215;0.9128540305010894
8;Arenas;Sonabia;SavGolSNV;1;1;17;PS;0.3558633425669437;0.1903435468895079;0.13739946380697052;0.30966767371601206
9;Arenas;Sopela;SavGolSNV;1;1;17;PE;0.6183237753057417;0.6300066979236437;0.5240111420612813;0.7897565071368597
10;Arenas;Sopela;SavGolSNV;1;1;17;PP;0.5895805983555586;0.635895549834498;0.5115384615384615;0.8401360544217688
11;Arenas;Sopela;SavGolSNV;1;1;17;PS;0.2927520210046293;0.13165931455717678;0.08216857263871241;0.3310580204778157
0;Gorliz;Arena;SavGolSNV;1;1;17;PE;0.6949115764348487;0.4263565891472868;0.6622306717363752;0.31438026474127556
1;Gorliz;Arena;SavGolSNV;1;1;17;PP;0.7046761419116849;0.6051639106469394;0.5783199334627114;0.6346212351688469
2;Gorliz;Arena;SavGolSNV;1;1;17;PS;0.8591732667896279;0.7470771628994544;0.7589073634204275;0.7356101304681504
3;Gorliz;Gorliz;SavGolSNV;1;1;17;PE;0.5253829110875639;0.5438385334691233;0.4558435511407729;0.6739329967875172
4;Gorliz;Gorliz;SavGolSNV;1;1;17;PP;0.6057219921009537;0.6811560333411233;0.5795334040296924;0.8259965992820707
5;Gorliz;Gorliz;SavGolSNV;1;1;17;PS;0.9438397071573066;0.708936595107339;0.5577376276512176;0.9726027397260274
6;Gorliz;Sonabia;SavGolSNV;1;1;17;PE;0.5802400738688828;0.4941019363454262;0.6239460370994941;0.4089904200442152
7;Gorliz;Sonabia;SavGolSNV;1;1;17;PP;0.7119113573407202;0.6032553407934893;0.46418786692759295;0.8612926652142339
8;Gorliz;Sonabia;SavGolSNV;1;1;17;PS;0.9320406278855032;0.8624813153961136;0.8535502958579881;0.8716012084592145
9;Gorliz;Sopela;SavGolSNV;1;1;17;PE;0.5229047191321772;0.43848093030820523;0.4251024913276569;0.4527287993282956
10;Gorliz;Sopela;SavGolSNV;1;1;17;PP;0.6671042631106198;0.6741071428571429;0.5787456445993031;0.8070942662779398
11;Gorliz;Sopela;SavGolSNV;1;1;17;PS;0.8985006563946659;0.7085895655623884;0.6622172784575454;0.7619453924914675
0;Sonabia;Arena;SavGolSNV;1;1;1;PE;0.6217858305305414;0.5073487846240814;0.47841151385927505;0.5400120336943441
1;Sonabia;Arena;SavGolSNV;1;1;1;PP;0.5950960182271889;0.4011553273427471;0.4244482173174873;0.38028597505324
2;Sonabia;Arena;SavGolSNV;1;1;1;PS;0.9414126071389823;0.9054952747637381;0.8323680823680824;0.9927091327705295
3;Sonabia;Gorliz;SavGolSNV;1;1;1;PE;0.5280801464213467;0.6082993523626768;0.46680574303595535;0.8728774667278568
4;Sonabia;Gorliz;SavGolSNV;1;1;1;PP;0.5977266159329544;0.6135480288728484;0.6013060039905678;0.6262988853202343
5;Sonabia;Gorliz;SavGolSNV;1;1;1;PS;0.9646469511607745;0.7991242474001095;0.6654512306289881;1.0
6;Sonabia;Sonabia;SavGolSNV;1;1;1;PE;0.5628808864265928;0.5746630727762804;0.5608558400561207;0.5891672807663965
7;Sonabia;Sonabia;SavGolSNV;1;1;1;PP;0.6328716528162511;0.4765666140073723;0.3738124741842214;0.6572258533042846
8;Sonabia;Sonabia;SavGolSNV;1;1;1;PS;0.9988919667590028;0.997737556561086;0.9962349397590361;0.9992447129909365
9;Sonabia;Sopela;SavGolSNV;1;1;1;PE;0.5018309956470669;0.5142818647264888;0.4294071324108449;0.6409739714525609
10;Sonabia;Sopela;SavGolSNV;1;1;1;PP;0.4699785808056381;0.3766961891606403;0.3779553236588945;0.37544541626174277
11;Sonabia;Sopela;SavGolSNV;1;1;1;PS;0.9946106543218407;0.9835720303285594;0.971297836938436;0.996160409556314
0;Sopela;Arena;SavGolSNV;9;1;5;PE;0.9735271780405772;0.9637228664882546;0.9526748971193416;0.9750300842358605
1;Sopela;Arena;SavGolSNV;9;1;5;PP;0.5719865465986763;0.375889890840057;0.39156229400131837;0.3614237906905993
2;Sopela;Arena;SavGolSNV;9;1;5;PS;0.876207008788109;0.759637665894249;0.8421298458664176;0.6918649270913277
3;Sopela;Gorliz;SavGolSNV;9;1;5;PE;0.9936422309989403;0.9924846276474607;0.9850813743218807;1.0
4;Sopela;Gorliz;SavGolSNV;9;1;5;PP;0.5498506887583084;0.6385085480003094;0.5406078071784124;0.7797090496882675
5;Sopela;Gorliz;SavGolSNV;9;1;5;PS;0.9006839418167807;0.5748453608247422;0.4112094395280236;0.9547945205479452
6;Sopela;Sonabia;SavGolSNV;9;1;5;PE;0.9955678670360111;0.9955637707948244;0.9988872403560831;0.9922623434045689
7;Sopela;Sonabia;SavGolSNV;9;1;5;PP;0.6319482917820868;0.48594273923136444;0.3768;0.6840958605664488
8;Sopela;Sonabia;SavGolSNV;9;1;5;PS;0.9602954755309326;0.9243756595145972;0.8650427913100724;0.9924471299093656
9;Sopela;Sopela;SavGolSNV;9;1;5;PE;0.9804463483728322;0.9767861537199574;0.9547787042976267;0.9998320738874895
10;Sopela;Sopela;SavGolSNV;9;1;5;PP;0.52649761625095;0.4985732055315724;0.45469104497531027;0.5518302559118886
11;Sopela;Sopela;SavGolSNV;9;1;5;PS;0.862295308505493;0.6890310500858168;0.5431734317343173;0.9419795221843004
